sale_id,sale_date,customer,region,product,units,revenue_cents
D001,2026-01-01,Acme,North,Core,2,20000
D002,2026-01-10,Bright,South,Core,3,45000
D003,2026-01-20,Acme,North,Plus,-1,-5000
D004,2026-01-31,Cedar,East,Core,0,0
D005,2026-01-31,Delta,West,Plus,1,15000
D006,2026-01-15,Elm,North,Plus,2,30000
D007,2026-01-18,Fjord,South,Core,1,10000
D008,2026-01-25,Delta,West,Core,-1,-10000
D009,2026-02-01,Acme,North,Core,4,40000
D010,2026-02-10,Bright,South,Plus,2,30000
D011,2026-02-15,Cedar,East,Plus,2,30000
D012,2026-02-20,Delta,West,Core,1,10000
D013,2026-02-28,Elm,North,Plus,-1,-15000
D014,2026-02-28,Fjord,South,Core,0,0
D015,2026-02-14,Cedar,East,Core,3,30000
D016,2026-02-22,Delta,West,Plus,1,15000
D017,2026-03-01,Acme,North,Plus,3,45000
D018,2026-03-07,Bright,South,Core,-1,-15000
D019,2026-03-12,Cedar,East,Core,2,20000
D020,2026-03-18,Delta,West,Plus,2,30000
D021,2026-03-31,Elm,North,Core,1,25000
D022,2026-03-31,Fjord,South,Plus,2,30000
D023,2026-03-20,Acme,North,Core,0,0
D024,2026-03-25,Bright,South,Plus,1,15000
